id,pwd,name,comment
user01,pwd01,山田太郎,こんにちは！
user02,pwd02,鈴木花子,よろしくお願いします。
user03,pwd03,佐藤健,プログラミングが好きです。
user04,pwd04,田中美咲,猫が大好きです。
user05,pwd05,高橋優,週末は山登りしてます。
user06,pwd06,井上愛,料理が趣味です。
user07,pwd07,中村翔,映画を見るのが好き。
user08,pwd08,小林悠,フルマラソン完走しました！
user09,pwd09,加藤葵,最近読書にハマってます。
user10,pwd10,吉田蓮,旅行が好きです。
user11,pwd11,斉藤結,お寿司が好きです。
user12,pwd12,山口陽,音楽鑑賞が趣味です。
user13,pwd13,松本翔,新しい技術に興味あり。
user14,pwd14,清水花,毎朝ランニングしてます。
user15,pwd15,渡辺真,写真を撮るのが好きです。
user16,pwd16,山崎結,温泉巡りしてます。
user17,pwd17,森口駿,ラーメン大好き。
user18,pwd18,橋本咲,ダンスを習ってます。
user19,pwd19,石田光,アニメをよく見ます。
user20,pwd20,大野楓,サッカーが趣味です。
user21,pwd21,原田蒼,カフェ巡りしてます。
user22,pwd22,村上航,ギターを弾いてます。
user23,pwd23,今井香,手芸が得意です。
user24,pwd24,横山拓,天体観測が趣味。
user25,pwd25,大塚陽,自転車が好き。
user26,pwd26,竹内優,ジョギングしてます。
user27,pwd27,福田莉,イラスト描いてます。
user28,pwd28,三浦悠,筋トレしてます。
user29,pwd29,柴田凛,紅茶が好きです。
user30,pwd30,西村徹,ボードゲームにハマってます。